,Created,Approval
1,1524785972,39
2,1524781065,39
3,1524691131,39
4,1524684787,39
5,1524665517,39
6,1524665430,39
7,1524662956,39
8,1524657216,39
9,1524601119,39
10,1524597505,39
11,1524596817,39
12,1524595269,39
13,1524592924,39
14,1524592570,39
15,1524588214,39
16,1524514114,39
17,1524491477,39
18,1524491086,39
19,1524489319,39
20,1524427946,39
21,1524427450,39
22,1524422618,39
23,1524417821,39
24,1524405966,39
25,1524402121,39
26,1524401422,39
27,1524399757,39
28,1524349845,39
29,1524337325,39
30,1524336748,39
31,1524325668,39
32,1524325524,39
33,1524325495,39
34,1524316738,39
35,1524316200,39
36,1524280971,39
37,1524280387,39
38,1524266391,39
39,1524264634,39
40,1524255913,39
41,1524221832,39
42,1524221438,39
43,1524220997,39
44,1524220456,39
45,1524195446,39
46,1524177966,39
47,1524177036,39
48,1524177025,39
49,1524169916,39
50,1524169621,39
51,1524169276,39
52,1524163212,39
53,1524162804,39
54,1524155032,39
55,1524152918,39
56,1524151402,39
57,1524149114,39
58,1524106701,39
59,1524087173,39
60,1524085212,39
61,1524069039,39
62,1524053142,39
63,1524048143,39
64,1524046130,39
65,1524045547,39
66,1524019768,39
67,1524018724,39
68,1524018417,39
69,1524018238,39
70,1524005960,39
71,1524000863,39
72,1523997936,39
73,1523987979,39
74,1523987512,39
75,1523967876,39
76,1523967876,39
77,1523967875,39
78,1523967874,39
79,1523619891,39
80,1523589316,39
81,1523559837,39
82,1523557950,39
83,1523551575,39
84,1523551374,39
85,1523528125,39
86,1523527729,39
87,1523527426,39
88,1523494119,39
89,1523487582,39
90,1523476027,39
91,1523461666,39
92,1523454623,39
93,1523451623,39
94,1523446676,39
95,1523444250,39
96,1523443657,39
97,1523443122,39
98,1523442619,39
99,1523396996,39
100,1523385038,39
101,1523367035,39
102,1523358498,39
103,1523358478,39
104,1523302347,39
105,1523301459,39
106,1523268196,39
107,1523234607,39
108,1523193177,39
109,1523192662,39
110,1523192406,39
111,1523189555,39
112,1523188693,39
113,1523186869,39
114,1523145803,41
115,1523140942,41
116,1523134839,41
117,1523134378,41
118,1523124675,41
119,1523124236,41
120,1523122528,41
121,1523046413,41
122,1523046238,41
123,1523031867,41
124,1523025970,41
125,1523025163,41
126,1523013111,41
127,1522960124,41
128,1522959130,41
129,1522933807,41
130,1522928453,41
131,1522883299,41
132,1522854338,41
133,1522853403,41
134,1522848031,41
135,1522840923,41
136,1522840768,41
137,1522792154,41
138,1522785580,41
139,1522782942,41
140,1522763737,41
141,1522753731,41
142,1522753110,41
143,1522752547,41
144,1522751658,41
145,1522720998,41
146,1522715688,41
147,1522715041,41
148,1522714323,41
149,1522713658,41
150,1522231518,39
151,1522230756,39
152,1522175706,39
153,1522111492,39
154,1522096159,39
155,1522067935,39
156,1522062340,39
157,1522034803,39
158,1521985544,39
159,1521983307,39
160,1521978556,39
161,1521978041,39
162,1521974540,39
163,1521974005,39
164,1521972614,39
165,1521909611,39
166,1521846070,39
167,1521838230,39
168,1521822778,39
169,1521809715,39
170,1521807997,39
171,1521799638,39
172,1521757601,39
173,1521749490,39
174,1521744054,39
175,1521715237,39
176,1521713997,39
177,1521687887,39
178,1521687636,39
179,1521659140,39
180,1521658574,39
181,1521631743,39
182,1521630677,39
183,1521629547,39
184,1521628096,39
185,1521560183,39
186,1521505725,39
187,1521464870,39
188,1521461800,39
189,1521376542,39
190,1521375731,39
191,1521374551,39
192,1521308061,39
193,1521306710,39
194,1521298854,39
195,1521259682,39
196,1521222127,39
197,1521217626,39
198,1521211253,39
199,1521164987,39
200,1521155456,39
201,1521136070,39
202,1521120565,39
203,1521112299,39
204,1521088307,39
205,1521071349,39
206,1521066972,39
207,1521062758,39
208,1521062442,39
209,1521038256,39
210,1521035690,39
211,1521033129,39
212,1521032531,39
213,1520987684,39
214,1520987159,39
215,1520979806,39
216,1520954838,39
217,1520547424,39
218,1520547396,39
219,1520535526,39
220,1520533206,39
221,1520512712,39
222,1520437129,39
223,1520435448,39
224,1520422829,39
225,1520419466,39
226,1520383770,39
227,1520345514,39
228,1520342715,39
229,1520341534,39
230,1520341379,39
231,1520341258,39
232,1520340935,39
233,1520282271,39
234,1520256149,39
235,1520254632,39
236,1520250828,39
237,1520250476,39
238,1520208612,39
239,1520185323,39
240,1520099630,39
241,1520099006,39
242,1520098433,39
243,1520086500,39
244,1520020099,39
245,1519999042,39
246,1519995718,39
247,1519989508,39
248,1519988860,39
249,1519987834,39
250,1519959891,39
251,1519951963,39
252,1519951888,39
253,1519939892,39
254,1519936852,39
255,1519928815,39
256,1519927590,39
257,1519906362,39
258,1519905238,39
259,1519853656,39
260,1519844494,39
261,1519843013,39
262,1519837822,39
263,1519828477,39
264,1519826901,39
265,1519820996,39
266,1519819378,39
267,1519792111,39
268,1519791643,39
269,1519772299,39
270,1519772136,39
271,1519755502,39
272,1519755079,39
273,1519735781,39
274,1519735558,39
275,1519734539,39
276,1519732770,39
277,1519148947,39
278,1519140547,39
279,1519139766,39
280,1519133929,39
281,1519132318,39
282,1519131833,39
283,1519131279,39
284,1519130778,39
285,1519130240,39
286,1519129494,39
287,1519094882,39
288,1519093769,39
289,1519093268,39
290,1519047730,39
291,1519014520,37
292,1518981182,37
293,1518973832,37
294,1518962155,37
295,1518961599,37
296,1518959488,37
297,1518957828,37
298,1518957196,37
299,1518956549,37
300,1518955372,37
301,1518927768,37
302,1518926925,37
303,1518911128,37
304,1518898599,37
305,1518898292,37
306,1518896808,37
307,1518896174,37
308,1518895573,37
309,1518894283,37
310,1518843193,37
311,1518812291,37
312,1518792594,37
313,1518791876,37
314,1518725951,37
315,1518722723,37
316,1518716021,37
317,1518706641,37
318,1518641701,37
319,1518641411,37
320,1518635492,37
321,1518632112,37
322,1518519167,37
323,1518518602,37
324,1518468496,37
325,1518440072,37
326,1518439616,37
327,1518381368,40
328,1518380763,40
329,1518376532,40
330,1518373308,40
331,1518305648,40